Team,Name,Position,Height,Weight,Age,PTS,TRB,AST,FG%,FG3%,FT%
Atlanta Hawks,Bogdan Bogdanovic,Shooting Guard,6-6,220,29,14.2,3.4,3.4,43.9,38.4,82.2
Atlanta Hawks,Chaundee Brown,Small Forward,6-5,215,23,6.2,3.2,0.8,31.3,33.3,83.3
Atlanta Hawks,Clint Capela,Center,6-10,240,28,12.4,10.7,1.0,62.4,0.0,52.7
Atlanta Hawks,John Collins,Power Forward,6-9,235,24,16.5,8.3,1.6,55.9,37.6,77.9
Atlanta Hawks,Sharife Cooper,Point Guard,6-1,180,21,0.5,0.4,0.4,21.4,16.7,-
Atlanta Hawks,Gorgui Dieng,Center,6-10,252,32,7.5,5.7,1.3,50.0,36.7,79.1
Atlanta Hawks,Danilo Gallinari,Small Forward,6-10,233,33,15.6,4.8,1.9,42.8,38.2,87.7
Atlanta Hawks,Kevin Huerter,Shooting Guard,6-7,190,23,11.4,3.5,3.2,43.1,37.9,78.8
Atlanta Hawks,De'Andre Hunter,Small Forward,6-8,225,24,13.2,4.1,1.6,43.4,35.9,78.5
Atlanta Hawks,Jalen Johnson,Power Forward,6-9,220,20,2.4,1.2,0.1,53.7,23.1,71.4
Atlanta Hawks,Kevin Knox,Small Forward,6-7,215,22,7.7,2.9,0.8,36.9,34.0,70.5
Atlanta Hawks,Timothe Luwawu-Cabarrot,Small Forward,6-7,220,27,5.9,2.0,0.9,39.1,33.5,82.9
Atlanta Hawks,Skylar Mays,Shooting Guard,6-4,205,24,3.3,1.0,0.8,46.9,33.8,88.2
Atlanta Hawks,Onyeka Okongwu,Center,6-8,235,21,6.3,4.6,0.7,67.2,0.0,69.5
Atlanta Hawks,Lou Williams,Point Guard,6-1,175,35,13.9,2.2,3.4,41.9,35.1,84.2
Atlanta Hawks,Delon Wright,Point Guard,6-5,185,30,7.2,3.2,3.0,45.3,35.4,79.9
Atlanta Hawks,Trae Young,Point Guard,6-1,164,23,25.3,3.9,9.1,44.0,35.5,87.3
Boston Celtics,Jaylen Brown,Shooting Guard,6-6,223,25,16.5,4.9,2.0,47.3,37.3,71.2
Boston Celtics,Malik Fitts,Power Forward,6-8,230,24,1.3,1.1,0.3,40.9,50.0,-
Boston Celtics,Sam Hauser,Small Forward,6-8,215,24,2.5,1.1,0.4,46.0,43.2,-
Boston Celtics,Al Horford,Center,6-9,240,36,13.7,8.2,3.3,51.5,36.0,75.9
Boston Celtics,Luke Kornet,Center,7-2,250,26,5.5,2.6,1.0,40.8,32.4,75.3
Boston Celtics,Juwan Morgan,Power Forward,6-7,232,25,1.5,1.2,0.3,52.5,34.8,54.5
Boston Celtics,Aaron Nesmith,Small Forward,6-5,215,22,4.2,2.2,0.5,41.7,31.8,79.6
Boston Celtics,Payton Pritchard,Shooting Guard,6-1,195,24,6.9,2.1,1.9,43.5,41.2,92.4
Boston Celtics,Matt Ryan,Small Forward,6-7,215,25,3.0,0.0,0.0,20.0,20.0,-
Boston Celtics,Marcus Smart,Shooting Guard,6-3,220,28,10.5,3.6,4.5,38.2,32.1,78.0
Boston Celtics,Nik Stauskas,Shooting Guard,6-6,205,28,6.7,2.0,1.5,38.9,35.4,81.2
Boston Celtics,Jayson Tatum,Small Forward,6-8,210,24,20.9,6.6,3.0,45.6,38.3,84.4
Boston Celtics,Daniel Theis,Center,6-8,245,30,7.6,4.9,1.3,54.5,32.9,72.2
Boston Celtics,Brodric Thomas,Shooting Guard,6-5,185,25,3.3,1.4,0.9,37.3,26.5,66.7
Boston Celtics,Derrick White,Shooting Guard,6-4,190,27,11.5,3.3,3.8,44.2,34.0,83.8
Boston Celtics,Grant Williams,Power Forward,6-6,236,23,5.4,3.0,1.0,44.9,36.9,77.5
Boston Celtics,Robert Williams,Center,6-8,237,24,7.2,6.6,1.4,72.8,0.0,66.5
Brooklyn Nets,LaMarcus Aldridge,Power Forward,6-11,250,36,19.1,8.1,1.9,49.3,32.0,81.3
Brooklyn Nets,Bruce Brown,Point Guard,6-4,202,25,7.6,4.3,2.1,48.2,32.7,74.5
Brooklyn Nets,Nic Claxton,Center,6-11,215,23,7.3,5.0,0.9,64.6,16.7,53.9
Brooklyn Nets,Seth Curry,Shooting Guard,6-2,185,31,11.3,2.2,2.2,47.7,43.9,85.4
Brooklyn Nets,Goran Dragic,Point Guard,6-3,190,36,13.7,3.1,4.8,46.0,36.2,76.7
Brooklyn Nets,Andre Drummond,Center,6-10,279,28,13.8,13.3,1.4,54.0,13.2,47.3
Brooklyn Nets,David Duke,Point Guard,6-5,205,22,4.7,3.0,0.8,36.1,24.3,81.0
Brooklyn Nets,Kevin Durant,Small Forward,6-10,240,33,27.2,7.1,4.3,49.6,38.4,88.4
Brooklyn Nets,Kessler Edwards,Small Forward,6-8,215,21,5.9,3.6,0.6,41.2,35.3,84.2
Brooklyn Nets,Blake Griffin,Power Forward,6-9,250,33,19.8,8.2,4.1,49.3,32.7,69.6
Brooklyn Nets,Joe Harris,Shooting Guard,6-6,220,30,11.1,3.2,1.6,48.3,43.9,78.0
Brooklyn Nets,Kyrie Irving,Point Guard,6-2,195,30,23.1,3.8,5.7,47.0,39.3,88.2
Brooklyn Nets,Patty Mills,Point Guard,6-1,180,33,9.2,1.7,2.3,42.6,38.9,85.5
Brooklyn Nets,Day'Ron Sharpe,Power Forward,6-11,265,20,6.2,5.0,0.5,57.7,28.6,58.5
Brooklyn Nets,Ben Simmons,Point Guard,6-11,240,25,15.9,8.1,7.7,56.0,14.7,59.7
Brooklyn Nets,Cam Thomas,Shooting Guard,6-4,210,20,8.5,2.4,1.2,43.3,27.0,82.9
Chicago Bulls,Lonzo Ball,Point Guard,6-6,190,24,11.9,5.7,6.2,40.0,36.4,57.8
Chicago Bulls,Tony Bradley,Center,6-10,248,24,4.6,4.3,0.5,63.4,42.9,67.2
Chicago Bulls,Troy Brown,Small Forward,6-6,215,22,6.4,3.8,1.6,42.9,33.7,75.5
Chicago Bulls,Alex Caruso,Point Guard,6-4,186,28,6.2,2.5,2.7,42.2,36.6,73.6
Chicago Bulls,Tyler Cook,Power Forward,6-8,255,24,3.8,2.5,0.3,65.4,50.0,60.0
Chicago Bulls,DeMar DeRozan,Shooting Guard,6-6,220,32,20.8,4.4,3.9,46.5,28.8,83.7
Chicago Bulls,Ayo Dosunmu,Shooting Guard,6-5,200,22,8.8,2.8,3.3,52.0,37.6,67.9
Chicago Bulls,Javonte Green,Small Forward,6-4,205,28,5.0,2.9,0.7,52.8,33.5,77.5
Chicago Bulls,Malcolm Hill,Small Forward,6-6,220,26,3.8,1.8,0.4,46.2,36.1,78.6
Chicago Bulls,Derrick Jones,Small Forward,6-5,210,25,6.5,3.4,0.7,50.9,29.8,69.9
Chicago Bulls,Zach LaVine,Shooting Guard,6-5,200,27,19.8,3.9,3.9,46.1,38.6,83.0
Chicago Bulls,Marko Simonovic,Center,6-11,216,22,1.9,1.1,0.0,26.7,20.0,72.7
Chicago Bulls,Matt Thomas,Shooting Guard,6-4,190,27,4.0,1.2,0.5,43.3,40.4,80.4
Chicago Bulls,Tristan Thompson,Power Forward,Righ,6-,31,9.0,8.4,1.0,51.9,26.3,60.5
Chicago Bulls,Nikola Vucevic,Center,6-10,260,31,16.9,10.4,2.7,49.4,34.8,75.7
Chicago Bulls,Coby White,Point Guard,6-5,195,22,13.7,3.6,3.5,41.3,36.5,85.1
Chicago Bulls,Patrick Williams,Power Forward,6-7,215,20,9.2,4.5,1.3,49.0,41.3,72.9
Charlotte Hornets,LaMelo Ball,Point Guard,6-7,180,20,18.3,6.4,7.0,43.1,37.8,82.6
Charlotte Hornets,James Bouknight,Shooting Guard,6-5,190,21,4.6,1.7,0.8,34.8,34.7,87.1
Charlotte Hornets,Miles Bridges,Power Forward,6-6,225,24,13.4,5.6,2.3,47.3,34.6,80.9
Charlotte Hornets,Montrezl Harrell,Center,6-7,240,28,12.9,5.3,1.4,62.0,11.7,66.2
Charlotte Hornets,Gordon Hayward,Small Forward,6-7,225,32,15.6,4.5,3.5,45.3,37.1,82.6
Charlotte Hornets,Kai Jones,Center,6-11,218,21,1.0,0.5,0.2,64.3,50.0,37.5
Charlotte Hornets,Arnoldas Kulboka,Small Forward,6-9,198,24,0.0,0.0,0.0,0.0,0.0,-
Charlotte Hornets,Scottie Lewis,Shooting Guard,6-5,189,22,0.5,0.0,0.5,-,-,50.0
Charlotte Hornets,Cody Martin,Small Forward,6-5,205,26,5.8,3.5,2.1,46.0,32.3,66.0
Charlotte Hornets,Jalen McDaniels,Small Forward,6-9,205,24,6.6,3.4,1.1,47.5,35.9,73.2
Charlotte Hornets,Kelly Oubre,Small Forward,6-7,203,26,12.0,4.3,1.0,43.4,33.1,74.9
Charlotte Hornets,Mason Plumlee,Center,6-11,254,32,8.3,6.6,2.4,58.4,4.9,55.7
Charlotte Hornets,Nick Richards,Center,7-0,245,24,2.4,1.4,0.2,64.6,0.0,68.5
Charlotte Hornets,Terry Rozier,Point Guard,6-1,190,28,12.7,3.9,3.2,41.7,37.6,82.2
Charlotte Hornets,Isaiah Thomas,Point Guard,5-9,185,33,17.7,2.4,4.8,43.4,36.2,87.2
Charlotte Hornets,JT Thor,Power Forward,6-10,205,19,2.0,1.3,0.6,43.6,25.9,60.0
Charlotte Hornets,P.J. Washington,Power Forward,6-7,230,23,11.8,5.7,2.3,45.4,37.5,70.2
Cleveland Cavaliers,Jarrett Allen,Center,6-11,243,24,11.6,8.7,1.4,62.6,18.9,69.9
Cleveland Cavaliers,Moses Brown,Center,7-2,245,22,6.0,5.8,0.1,55.4,-,60.2
Cleveland Cavaliers,Ed Davis,Power Forward,6-9,218,33,5.9,6.4,0.7,56.7,0.0,58.3
Cleveland Cavaliers,Darius Garland,Point Guard,6-1,192,22,17.4,2.6,6.3,44.3,37.8,87.6
Cleveland Cavaliers,Brandon Goodwin,Point Guard,6-0,180,26,4.7,1.6,1.9,39.0,31.5,73.0
Cleveland Cavaliers,Caris LeVert,Shooting Guard,6-6,205,27,14.6,3.8,4.0,43.7,33.3,73.7
Cleveland Cavaliers,Kevin Love,Power Forward,6-8,251,33,17.6,10.7,2.4,44.1,37.3,82.9
Cleveland Cavaliers,Lauri Markkanen,Power Forward,7-0,240,25,15.4,6.8,1.3,44.1,36.4,85.0
Cleveland Cavaliers,Evan Mobley,Power Forward,7-0,215,20,15.0,8.3,2.5,50.8,25.0,66.3
Cleveland Cavaliers,RJ Nembhard,Shooting Guard,6-5,200,23,1.1,0.5,0.9,33.3,0.0,75.0
Cleveland Cavaliers,Isaac Okoro,Small Forward,6-5,225,21,9.2,3.0,1.9,44.6,31.5,74.7
Cleveland Cavaliers,Cedi Osman,Small Forward,6-7,230,27,10.0,3.2,2.1,42.3,34.9,71.8
Cleveland Cavaliers,Rajon Rondo,Point Guard,6-1,180,36,9.8,4.5,7.9,45.6,32.4,61.1
Cleveland Cavaliers,Collin Sexton,Shooting Guard,6-1,190,23,20.0,3.0,3.3,45.8,37.8,82.7
Cleveland Cavaliers,Lamar Stevens,Power Forward,6-6,230,24,5.3,2.5,0.7,47.9,24.4,71.4
Cleveland Cavaliers,Dean Wade,Power Forward,6-9,228,25,5.3,3.0,1.0,44.7,36.5,71.4
Cleveland Cavaliers,Dylan Windler,Small Forward,6-6,196,25,3.3,2.4,0.8,41.2,32.0,80.0
Dallas Mavericks,Davis Bertans,Power Forward,6-10,225,29,8.2,2.7,1.0,42.4,39.8,86.0
Dallas Mavericks,Sterling Brown,Shooting Guard,6-5,219,27,5.4,3.3,1.0,42.0,36.4,79.6
Dallas Mavericks,Jalen Brunson,Point Guard,6-1,190,25,11.9,3.0,3.7,49.4,37.3,80.0
Dallas Mavericks,Reggie Bullock,Small Forward,6-6,205,31,7.8,2.5,1.2,42.7,38.5,84.2
Dallas Mavericks,Trey Burke,Point Guard,6-0,185,29,9.6,1.8,3.1,41.0,34.5,81.0
Dallas Mavericks,Marquese Chriss,Power Forward,6-9,240,24,7.6,4.7,1.0,45.6,29.0,66.7
Dallas Mavericks,Spencer Dinwiddie,Point Guard,6-5,215,29,13.0,3.0,5.0,41.1,32.2,79.1
Dallas Mavericks,Luka Doncic,Point Guard,6-7,230,23,26.4,8.5,8.0,45.7,33.7,73.7
Dallas Mavericks,Dorian Finney-Smith,Power Forward,6-7,220,29,8.2,4.5,1.4,44.6,36.1,71.8
Dallas Mavericks,Josh Green,Shooting Guard,6-5,200,21,4.0,2.3,1.0,49.3,31.1,64.7
Dallas Mavericks,Tim Hardaway,Shooting Guard,6-5,205,30,13.9,2.8,1.9,42.2,35.8,81.2
Dallas Mavericks,Maxi Kleber,Power Forward,6-10,240,30,7.1,4.8,1.1,44.6,35.9,79.6
Dallas Mavericks,Boban Marjanovic,Center,7-3,290,33,5.9,3.8,0.5,57.4,25.6,76.6
Dallas Mavericks,Frank Ntilikina,Point Guard,6-4,200,23,5.2,1.8,2.3,37.1,33.1,77.5
Dallas Mavericks,Theo Pinson,Shooting Guard,6-5,212,26,2.9,1.3,1.1,30.8,22.6,91.7
Dallas Mavericks,Dwight Powell,Center,6-10,240,30,7.7,4.6,1.0,58.5,29.6,75.1
Dallas Mavericks,Moses Wright,Power Forward,6-9,233,23,1.3,0.8,0.5,25.0,0.0,100.0
Denver Nuggets,Will Barton,Shooting Guard,6-6,181,31,11.6,4.3,2.7,43.3,35.4,78.7
Denver Nuggets,Facundo Campazzo,Point Guard,5-10,195,31,5.6,1.9,3.5,37.2,32.8,82.8
Denver Nuggets,Vlatko Cancar,Power Forward,6-8,236,25,2.3,1.3,0.5,48.4,33.3,74.2
Denver Nuggets,DeMarcus Cousins,Center,6-10,270,31,19.6,10.2,3.0,46.0,33.1,73.7
Denver Nuggets,Bryn Forbes,Shooting Guard,6-2,205,28,9.1,1.7,1.2,43.8,41.3,82.0
Denver Nuggets,Aaron Gordon,Power Forward,6-8,235,26,13.0,6.3,2.5,46.0,32.3,70.2
Denver Nuggets,JaMychal Green,Power Forward,6-8,227,31,7.9,5.7,0.9,47.2,36.6,78.5
Denver Nuggets,Jeff Green,Power Forward,6-8,235,35,12.6,4.3,1.5,44.8,33.9,80.6
Denver Nuggets,Markus Howard,Shooting Guard,5-10,175,23,3.4,0.5,0.4,38.2,34.1,84.4
Denver Nuggets,Bones Hyland,Point Guard,6-3,173,21,10.1,2.7,2.8,40.3,36.6,85.6
Denver Nuggets,Nikola Jokic,Center,6-11,284,27,19.7,10.4,6.2,54.2,34.5,83.0
Denver Nuggets,Monte Morris,Point Guard,6-2,183,26,10.5,2.3,3.7,48.1,39.4,83.0
Denver Nuggets,Jamal Murray,Point Guard,6-3,215,25,16.3,3.6,3.8,44.6,36.7,87.8
Denver Nuggets,Zeke Nnaji,Power Forward,6-9,240,21,4.9,2.6,0.3,50.3,43.9,66.3
Denver Nuggets,Michael Porter,Small Forward,6-10,218,23,14.1,6.1,1.1,51.8,41.9,79.5
Denver Nuggets,Davon Reed,Shooting Guard,6-5,208,27,3.6,1.9,0.9,43.4,39.1,66.7
Denver Nuggets,Austin Rivers,Shooting Guard,6-4,200,29,8.8,2.1,2.2,41.8,34.9,64.9
Detroit Pistons,Marvin Bagley,Power Forward,6-11,235,23,13.6,7.4,0.9,50.1,29.1,66.3
Detroit Pistons,Saddiq Bey,Small Forward,6-7,215,23,14.3,5.0,2.2,39.9,36.1,83.3
Detroit Pistons,Cade Cunningham,Point Guard,6-6,220,20,17.4,5.5,5.6,41.6,31.4,84.5
Detroit Pistons,Hamidou Diallo,Shooting Guard,6-5,202,23,8.4,3.9,1.1,47.5,27.7,63.4
Detroit Pistons,Carsen Edwards,Shooting Guard,5-11,200,24,3.7,1.1,0.7,36.4,29.7,75.8
Detroit Pistons,Luka Garza,Center,6-11,235,23,5.8,3.1,0.6,44.9,32.7,62.3
Detroit Pistons,Jerami Grant,Power Forward,6-8,210,28,11.4,3.9,1.3,45.2,34.9,72.3
Detroit Pistons,Killian Hayes,Point Guard,6-5,195,20,6.8,3.0,4.5,37.4,26.8,78.0
Detroit Pistons,Frank Jackson,Point Guard,6-3,205,24,8.5,1.8,1.0,42.2,33.3,78.6
Detroit Pistons,Cory Joseph,Point Guard,6-3,200,30,7.1,2.6,3.0,44.4,34.4,78.7
Detroit Pistons,Braxton Key,Small Forward,6-8,230,25,7.2,4.5,1.0,45.8,28.6,53.8
Detroit Pistons,Saben Lee,Point Guard,6-2,183,22,5.6,2.2,3.3,43.4,26.5,73.1
Detroit Pistons,Isaiah Livers,Small Forward,6-7,230,23,6.4,3.0,1.1,45.6,42.2,85.7
Detroit Pistons,Rodney McGruder,Shooting Guard,6-4,205,30,5.8,2.8,1.2,42.1,35.2,65.8
Detroit Pistons,Kelly Olynyk,Center,6-11,240,31,10.1,5.1,2.0,47.6,36.5,78.2
Detroit Pistons,Jamorko Pickett,Power Forward,6-9,206,24,3.8,2.5,0.5,36.0,33.3,50.0
Detroit Pistons,Isaiah Stewart,Center,6-8,250,21,8.1,7.7,1.0,52.9,33.0,70.8
Golden State Warriors,Nemanja Bjelica,Power Forward,6-10,234,34,7.6,4.6,1.8,46.6,38.4,75.9
Golden State Warriors,Chris Chiozza,Point Guard,5-11,175,26,3.3,1.3,2.4,35.3,34.3,80.0
Golden State Warriors,Stephen Curry,Point Guard,6-2,185,34,24.3,4.6,6.5,47.3,42.8,90.8
Golden State Warriors,Draymond Green,Power Forward,6-6,230,32,8.7,6.9,5.4,44.1,31.5,71.2
Golden State Warriors,Andre Iguodala,Small Forward,6-6,215,38,11.4,4.9,4.2,46.3,33.0,70.9
Golden State Warriors,Jonathan Kuminga,Small Forward,6-8,210,19,9.3,3.3,0.9,51.3,33.6,68.4
Golden State Warriors,Damion Lee,Shooting Guard,6-5,210,29,8.2,3.5,1.4,43.4,35.7,86.8
Golden State Warriors,Kevon Looney,Center,6-9,222,26,4.7,4.8,1.4,56.7,17.2,60.6
Golden State Warriors,Moses Moody,Shooting Guard,6-6,205,20,4.4,1.5,0.4,43.7,36.4,77.8
Golden State Warriors,Gary Payton,Point Guard,6-3,190,29,5.2,2.8,1.1,54.2,32.0,57.1
Golden State Warriors,Jordan Poole,Shooting Guard,6-4,194,22,13.7,2.6,2.9,41.6,34.1,88.5
Golden State Warriors,Otto Porter,Small Forward,6-8,198,29,10.6,5.1,1.5,47.7,39.8,79.4
Golden State Warriors,Klay Thompson,Shooting Guard,6-6,215,32,19.5,3.5,2.3,45.8,41.7,84.9
Golden State Warriors,Juan Toscano-Anderson,Shooting Guard,6-6,209,29,4.8,3.3,2.2,52.3,36.1,61.3
Golden State Warriors,Quinndary Weatherspoon,Shooting Guard,6-3,205,25,2.1,0.8,0.6,45.2,18.8,82.6
Golden State Warriors,Andrew Wiggins,Small Forward,6-7,197,27,19.3,4.4,2.3,44.8,35.0,72.3
Golden State Warriors,James Wiseman,Center,7-0,240,21,11.5,5.8,0.7,51.9,31.6,62.8
Houston Rockets,Josh Christopher,Shooting Guard,6-5,215,20,7.9,2.5,2.0,44.8,29.6,73.5
Houston Rockets,Bruno Fernando,Center,6-9,240,23,3.2,2.8,0.6,52.7,14.6,60.8
Houston Rockets,Usman Garuba,Power Forward,6-8,220,20,2.0,3.5,0.7,43.2,25.0,71.4
Houston Rockets,Eric Gordon,Shooting Guard,6-3,215,33,16.4,2.4,2.8,42.8,37.1,81.0
Houston Rockets,Jalen Green,Shooting Guard,6-4,178,20,17.3,3.4,2.6,42.6,34.3,79.7
Houston Rockets,Anthony Lamb,Small Forward,6-6,227,24,5.1,2.7,1.0,38.3,31.5,85.7
Houston Rockets,Kenyon Martin,Small Forward,6-6,215,21,9.0,4.3,1.2,52.4,36.0,66.7
Houston Rockets,Garrison Mathews,Shooting Guard,6-5,215,25,7.5,2.0,0.7,40.5,37.1,83.5
Houston Rockets,Daishen Nix,Shooting Guard,6-5,224,20,3.2,1.4,1.7,40.3,26.9,53.3
Houston Rockets,David Nwaba,Small Forward,6-5,219,29,6.8,3.7,1.0,49.0,32.0,67.3
Houston Rockets,Kevin Porter,Shooting Guard,6-4,203,22,13.7,3.9,4.7,42.4,35.2,68.6
Houston Rockets,Trevelin Queen,Shooting Guard,6-6,190,25,4.3,1.6,0.4,45.5,37.5,100.0
Houston Rockets,Dennis Schroder,Point Guard,6-3,172,28,14.2,2.9,4.7,43.6,33.8,83.3
Houston Rockets,Alperen Sengun,Center,6-9,235,19,9.6,5.5,2.6,47.4,24.8,71.1
Houston Rockets,Jae'Sean Tate,Small Forward,6-4,230,26,11.6,5.4,2.7,50.1,31.0,70.1
Houston Rockets,John Wall,Point Guard,6-3,210,31,19.1,4.3,9.1,43.1,32.3,77.9
Houston Rockets,Christian Wood,Power Forward,6-10,214,26,14.2,7.3,1.3,51.9,38.0,66.8
Indiana Pacers,Goga Bitadze,Center,6-11,250,22,5.0,2.9,0.8,47.7,25.4,70.7
Indiana Pacers,Oshae Brissett,Small Forward,6-7,210,23,8.2,4.7,0.9,42.4,36.1,72.0
Indiana Pacers,Malcolm Brogdon,Point Guard,6-5,229,29,15.5,4.2,4.8,46.4,37.6,88.1
Indiana Pacers,Chris Duarte,Shooting Guard,6-6,190,24,13.1,4.1,2.1,43.2,36.9,80.4
Indiana Pacers,Tyrese Haliburton,Point Guard,6-5,185,22,14.3,3.6,6.9,47.3,41.2,84.6
Indiana Pacers,Buddy Hield,Shooting Guard,6-4,220,29,15.9,4.3,2.5,43.0,39.8,86.5
Indiana Pacers,Nate Hinton,Shooting Guard,6-5,210,23,1.8,0.4,0.3,34.9,21.1,70.0
Indiana Pacers,Isaiah Jackson,Power Forward,6-10,206,20,8.3,4.1,0.3,56.3,31.3,68.2
Indiana Pacers,T.J. McConnell,Point Guard,6-1,190,30,6.9,3.0,5.0,50.3,32.7,76.9
Indiana Pacers,Ricky Rubio,Point Guard,6-2,190,31,11.1,4.2,7.6,38.9,32.6,84.3
Indiana Pacers,Jalen Smith,Power Forward,6-10,215,22,6.7,4.4,0.4,49.5,31.7,76.1
Indiana Pacers,Lance Stephenson,Shooting Guard,6-6,230,31,8.6,4.1,2.9,44.5,31.4,69.4
Indiana Pacers,Terry Taylor,Shooting Guard,6-5,230,22,9.6,5.2,1.2,61.4,31.6,70.6
Indiana Pacers,Myles Turner,Center,6-11,250,26,12.7,6.7,1.2,48.9,34.9,76.8
Indiana Pacers,T.J. Warren,Small Forward,6-8,220,28,15.5,4.1,1.2,50.7,35.7,78.0
Indiana Pacers,Duane Washington,Point Guard,6-3,210,22,9.9,1.7,1.8,40.5,37.7,75.4
Indiana Pacers,Gabe York,Shooting Guard,6-3,185,28,4.0,1.0,2.0,28.6,16.7,60.0
Los Angeles Clippers,Nicolas Batum,Small Forward,6-8,230,33,11.1,5.1,3.5,43.7,36.3,83.7
Los Angeles Clippers,Brandon Boston,Shooting Guard,6-7,185,20,6.7,2.2,1.0,38.5,30.6,81.9
Los Angeles Clippers,Amir Coffey,Shooting Guard,6-7,210,24,6.2,2.0,1.2,44.8,38.0,80.7
Los Angeles Clippers,Robert Covington,Small Forward,6-7,209,31,11.6,5.8,1.5,40.6,36.0,81.3
Los Angeles Clippers,Paul George,Small Forward,6-8,220,32,20.4,6.4,3.6,43.5,38.2,84.8
Los Angeles Clippers,Isaiah Hartenstein,Center,7-0,250,24,5.8,3.9,1.5,60.0,38.3,68.2
Los Angeles Clippers,Rodney Hood,Shooting Guard,6-8,208,29,10.4,2.6,1.6,42.0,36.6,84.1
Los Angeles Clippers,Reggie Jackson,Point Guard,6-2,208,32,13.1,3.0,4.3,42.4,34.5,85.4
Los Angeles Clippers,Luke Kennard,Shooting Guard,6-5,206,25,10.0,2.9,2.0,44.9,42.5,86.9
Los Angeles Clippers,Kawhi Leonard,Small Forward,6-7,225,30,19.2,6.4,2.9,49.3,38.4,85.8
Los Angeles Clippers,Terance Mann,Small Forward,6-5,215,25,7.6,3.8,1.9,49.1,37.9,78.6
Los Angeles Clippers,Xavier Moon,Shooting Guard,6-2,165,27,5.8,1.4,2.4,49.0,35.7,60.0
Los Angeles Clippers,Marcus Morris,Power Forward,6-8,218,32,12.4,4.6,1.5,43.5,37.7,77.3
Los Angeles Clippers,Norman Powell,Shooting Guard,6-3,215,29,11.3,2.6,1.5,46.3,38.4,83.1
Los Angeles Lakers,Carmelo Anthony,Small Forward,6-7,238,38,22.5,6.2,2.7,44.7,35.5,81.4
Los Angeles Lakers,D.J. Augustin,Point Guard,5-11,183,34,9.5,1.8,3.9,41.2,38.1,86.7
Los Angeles Lakers,Kent Bazemore,Small Forward,6-4,195,32,8.2,3.2,1.8,41.3,35.6,72.4
Los Angeles Lakers,Avery Bradley,Shooting Guard,6-3,180,31,11.0,2.8,1.7,43.4,36.5,78.3
Los Angeles Lakers,Anthony Davis,Power Forward,6-10,253,29,23.8,10.2,2.3,51.5,30.3,79.4
Los Angeles Lakers,Wayne Ellington,Shooting Guard,6-4,207,34,8.0,2.1,1.1,41.0,38.2,84.3
Los Angeles Lakers,Wenyen Gabriel,Power Forward,6-9,205,25,3.6,2.6,0.4,45.4,33.8,63.0
Los Angeles Lakers,Talen Horton-Tucker,Shooting Guard,6-4,234,21,9.3,2.8,2.6,43.7,27.6,78.3
Los Angeles Lakers,Dwight Howard,Center,6-10,265,36,15.7,11.8,1.3,58.7,21.4,56.7
Los Angeles Lakers,LeBron James,Small Forward,6-9,250,37,27.1,7.5,7.4,50.5,34.6,73.4
Los Angeles Lakers,Stanley Johnson,Small Forward,6-6,242,26,6.3,3.1,1.5,38.4,30.0,75.4
Los Angeles Lakers,Mason Jones,Shooting Guard,6-4,200,23,5.4,1.8,1.3,42.8,35.7,65.8
Los Angeles Lakers,Mac McClung,Shooting Guard,6-2,185,23,4.0,1.5,0.5,50.0,33.3,100.0
Los Angeles Lakers,Malik Monk,Shooting Guard,6-3,200,24,10.3,2.3,2.0,42.4,35.5,83.0
Los Angeles Lakers,Kendrick Nunn,Point Guard,6-2,190,26,15.0,2.9,3.0,45.8,36.4,88.1
Los Angeles Lakers,Austin Reaves,Shooting Guard,6-5,206,24,7.3,3.2,1.8,45.9,31.7,83.9
Los Angeles Lakers,Russell Westbrook,Point Guard,6-3,200,33,22.8,7.4,8.4,43.8,30.5,78.3
Memphis Grizzlies,Steven Adams,Center,6-11,265,28,9.3,8.0,1.5,58.7,7.1,54.7
Memphis Grizzlies,Santi Aldama,Power Forward,6-11,224,21,4.1,2.7,0.7,40.2,12.5,62.5
Memphis Grizzlies,Kyle Anderson,Small Forward,6-9,230,28,6.7,4.4,2.3,47.6,33.4,71.1
Memphis Grizzlies,Desmond Bane,Small Forward,6-5,215,23,14.0,3.8,2.3,46.4,43.5,88.2
Memphis Grizzlies,Dillon Brooks,Small Forward,6-7,225,26,14.5,3.0,2.0,42.1,34.8,79.9
Memphis Grizzlies,Brandon Clarke,Power Forward,6-8,215,25,10.9,5.6,1.4,59.1,29.4,69.9
Memphis Grizzlies,Jarrett Culver,Shooting Guard,6-6,195,23,6.6,2.7,1.2,40.1,28.3,49.7
Memphis Grizzlies,Jaren Jackson,Center,6-11,242,22,15.8,5.1,1.2,45.3,35.1,79.1
Memphis Grizzlies,Tyus Jones,Point Guard,6-0,196,26,6.2,1.8,3.7,43.5,35.2,81.8
Memphis Grizzlies,John Konchar,Shooting Guard,6-5,210,26,4.4,3.8,1.3,52.2,40.6,65.4
Memphis Grizzlies,De'Anthony Melton,Point Guard,6-2,200,24,8.4,3.6,2.8,40.9,36.1,76.6
Memphis Grizzlies,Sam Merrill,Shooting Guard,6-4,205,26,3.2,1.0,0.7,41.7,40.0,75.0
Memphis Grizzlies,Ja Morant,Point Guard,6-3,174,22,21.2,4.5,7.1,47.4,32.7,75.4
Memphis Grizzlies,Yves Pons,Small Forward,6-6,215,23,1.1,1.0,0.1,31.3,33.3,0.0
Memphis Grizzlies,Tyrell Terry,Point Guard,6-2,160,21,1.0,0.5,0.5,35.3,0.0,33.3
Memphis Grizzlies,Killian Tillie,Center,6-9,220,24,3.2,1.6,0.6,33.7,31.1,73.7
Memphis Grizzlies,Xavier Tillman,Power Forward,6-8,245,23,5.7,3.7,1.2,51.5,28.1,64.5
Memphis Grizzlies,Ziaire Williams,Small Forward,6-8,215,20,8.1,2.1,1.0,45.0,31.4,78.2
Miami Heat,Bam Adebayo,Center,6-9,255,24,13.5,8.3,3.5,55.8,14.0,74.1
Miami Heat,Jimmy Butler,Small Forward,6-7,230,32,17.7,5.3,4.1,46.0,32.1,84.1
Miami Heat,Dewayne Dedmon,Center,7-0,245,32,6.4,5.9,0.7,52.7,33.8,73.5
Miami Heat,Udonis Haslem,Power Forward,6-8,235,42,7.5,6.6,0.8,48.9,9.7,75.6
Miami Heat,Tyler Herro,Shooting Guard,6-5,195,22,16.7,4.7,3.2,44.0,38.5,85.1
Miami Heat,Haywood Highsmith,Small Forward,6-7,220,25,2.2,1.3,0.3,35.7,30.3,28.6
Miami Heat,Kyle Lowry,Point Guard,6-0,196,36,14.8,4.4,6.3,42.5,36.8,81.3
Miami Heat,Caleb Martin,Small Forward,6-5,205,26,7.1,3.1,1.2,45.5,36.3,72.5
Miami Heat,Markieff Morris,Power Forward,6-9,245,32,10.9,5.2,1.6,44.6,34.1,77.7
Miami Heat,Mychal Mulder,Point Guard,6-3,184,27,5.8,1.3,0.5,41.3,36.9,71.1
Miami Heat,Victor Oladipo,Shooting Guard,6-4,213,30,17.4,4.6,3.9,43.8,34.8,79.0
Miami Heat,Duncan Robinson,Shooting Guard,6-7,215,28,11.9,2.9,1.5,43.5,40.6,86.0
Miami Heat,Javonte Smart,Point Guard,6-4,205,23,3.0,1.4,0.9,31.7,29.6,83.3
Miami Heat,Max Strus,Small Forward,6-5,215,26,8.8,2.2,1.1,44.6,39.1,75.6
Miami Heat,P.J. Tucker,Power Forward,6-5,245,37,7.1,5.6,1.5,42.5,36.4,74.8
Miami Heat,Gabe Vincent,Point Guard,6-3,200,25,6.7,1.5,2.2,39.6,34.3,83.1
Miami Heat,Omer Yurtseven,Center,7-0,264,23,5.3,5.3,0.9,52.6,9.1,62.3
Milwaukee Bucks,Grayson Allen,Shooting Guard,6-4,198,26,9.4,2.6,1.5,43.3,39.3,84.1
Milwaukee Bucks,Giannis Antetokounmpo,Power Forward,6-11,242,27,21.8,9.4,4.6,53.5,28.8,71.8
Milwaukee Bucks,Thanasis Antetokounmpo,Small Forward,6-6,219,29,3.1,2.0,0.7,51.7,16.7,54.5
Milwaukee Bucks,Jevon Carter,Point Guard,6-1,200,26,4.4,1.7,1.4,38.6,38.3,81.0
Milwaukee Bucks,Pat Connaughton,Shooting Guard,6-5,209,29,5.9,3.3,1.2,44.5,36.5,79.7
Milwaukee Bucks,George Hill,Point Guard,6-4,188,36,10.7,3.0,3.1,45.6,38.0,80.7
Milwaukee Bucks,Jrue Holiday,Point Guard,6-3,205,31,16.2,4.0,6.4,46.0,36.3,77.6
Milwaukee Bucks,Serge Ibaka,Power Forward,6-10,235,NA,12.1,7.2,0.8,51.3,36.0,75.8
Milwaukee Bucks,Brook Lopez,Center,7-0,282,34,16.4,6.2,1.4,49.4,34.1,79.6
Milwaukee Bucks,Sandro Mamukelashvili,Power Forward,6-11,240,23,3.8,2.0,0.5,49.6,42.3,81.8
Milwaukee Bucks,Wesley Matthews,Shooting Guard,6-4,220,35,12.2,2.9,2.0,42.1,37.7,82.4
Milwaukee Bucks,Khris Middleton,Small Forward,6-7,222,30,17.1,4.9,3.8,45.8,39.2,88.1
Milwaukee Bucks,Jordan Nwora,Small Forward,6-8,225,23,7.2,3.1,0.7,41.5,37.0,80.9
Milwaukee Bucks,Bobby Portis,Power Forward,6-10,250,27,11.1,6.6,1.2,47.0,38.3,75.2
Milwaukee Bucks,Rayjon Tucker,Shooting Guard,6-3,209,24,3.0,1.0,0.5,50.0,31.0,77.6
Minnesota Timberwolves,Malik Beasley,Shooting Guard,6-4,187,25,10.4,2.5,1.2,43.0,38.6,81.6
Minnesota Timberwolves,Patrick Beverley,Point Guard,6-1,180,33,8.8,4.3,3.5,41.4,37.8,75.6
Minnesota Timberwolves,Leandro Bolmaro,Small Forward,6-6,200,21,1.4,1.2,0.6,31.5,27.8,84.6
Minnesota Timberwolves,Anthony Edwards,Shooting Guard,6-4,225,20,20.3,4.7,3.4,42.9,34.4,78.1
Minnesota Timberwolves,Nathan Knight,Power Forward,6-10,253,24,3.7,2.2,0.4,43.6,21.7,76.5
Minnesota Timberwolves,Jake Layman,Small Forward,6-8,209,28,4.8,1.7,0.5,46.0,30.0,71.9
Minnesota Timberwolves,Jaden McDaniels,Power Forward,6-9,185,21,8.1,3.9,1.1,45.5,33.8,72.4
Minnesota Timberwolves,Jordan McLaughlin,Point Guard,5-11,185,26,5.0,1.8,3.5,44.4,35.2,72.5
Minnesota Timberwolves,Greg Monroe,Center,6-11,265,32,13.0,8.2,2.1,51.4,5.9,70.3
Minnesota Timberwolves,Jaylen Nowell,Shooting Guard,6-4,201,22,8.1,1.9,1.8,44.6,34.5,81.1
Minnesota Timberwolves,Josh Okogie,Shooting Guard,6-4,213,23,6.4,2.9,1.1,40.3,27.5,75.8
Minnesota Timberwolves,Taurean Prince,Power Forward,6-7,218,28,10.5,3.9,1.7,41.6,37.1,81.5
Minnesota Timberwolves,Naz Reid,Center,6-9,264,22,9.5,4.2,1.0,49.0,34.3,72.3
Minnesota Timberwolves,D'Angelo Russell,Point Guard,6-4,193,26,17.7,3.5,5.6,42.0,35.6,78.1
Minnesota Timberwolves,Karl-Anthony Towns,Center,6-11,248,26,23.2,11.3,3.1,52.7,39.7,83.3
Minnesota Timberwolves,Jarred Vanderbilt,Power Forward,6-9,214,23,5.4,6.2,1.1,59.1,14.3,61.6
Minnesota Timberwolves,McKinley Wright,Point Guard,6-0,196,23,1.0,0.0,0.6,66.7,50.0,-
New Orleans Pelicans,Jose Alvarado,Point Guard,6-0,179,24,6.1,1.9,2.8,44.6,29.1,67.9
New Orleans Pelicans,Gary Clark,Power Forward,6-6,225,27,3.1,2.5,0.5,35.1,32.6,83.8
New Orleans Pelicans,Devonte' Graham,Point Guard,6-1,195,27,12.8,2.5,5.0,37.2,35.7,82.7
New Orleans Pelicans,Jared Harper,Point Guard,5-10,175,24,2.6,0.3,0.9,44.1,33.3,87.5
New Orleans Pelicans,Jaxson Hayes,Center,6-11,220,22,8.1,4.3,0.7,63.4,36.0,72.3
New Orleans Pelicans,Willy Hernangomez,Center,6-11,250,28,7.4,5.9,1.1,53.4,30.9,70.2
New Orleans Pelicans,Brandon Ingram,Small Forward,6-8,190,24,18.5,5.2,3.8,46.1,36.0,76.9
New Orleans Pelicans,Herbert Jones,Power Forward,6-8,210,23,9.5,3.8,2.1,47.6,33.7,84.0
New Orleans Pelicans,Kira Lewis,Point Guard,6-1,170,21,6.2,1.4,2.2,39.1,29.8,84.1
New Orleans Pelicans,Naji Marshall,Small Forward,6-7,220,24,6.4,3.3,1.7,40.0,26.6,75.6
New Orleans Pelicans,CJ McCollum,Shooting Guard,6-3,190,30,19.2,3.5,3.5,45.5,39.6,81.0
New Orleans Pelicans,Trey Murphy,Small Forward,6-9,206,21,5.4,2.4,0.6,39.4,38.2,88.2
New Orleans Pelicans,Larry Nance,Power Forward,6-7,245,29,8.1,6.5,1.9,52.9,33.3,68.9
New Orleans Pelicans,Tony Snell,Shooting Guard,6-6,213,30,6.1,2.3,1.1,43.1,39.4,84.6
New Orleans Pelicans,Garrett Temple,Shooting Guard,6-5,195,36,6.4,2.3,1.7,40.2,34.4,74.0
New Orleans Pelicans,Jonas Valanciunas,Center,6-11,265,30,13.4,9.5,1.2,56.3,35.9,78.5
New Orleans Pelicans,Zion Williamson,Power Forward,6-6,284,21,25.7,7.0,3.2,60.4,33.3,68.3
New York Knicks,Ryan Arcidiacono,Point Guard,6-3,195,28,4.6,2.0,2.1,43.2,37.4,80.7
New York Knicks,RJ Barrett,Shooting Guard,6-6,214,21,17.5,5.6,2.9,41.8,35.7,69.7
New York Knicks,Alec Burks,Shooting Guard,6-6,214,30,10.6,3.5,2.0,41.8,38.0,79.9
New York Knicks,Evan Fournier,Shooting Guard,6-7,205,29,14.3,2.7,2.6,44.5,38.1,79.8
New York Knicks,Taj Gibson,Power Forward,6-9,232,36,9.0,6.1,1.0,51.8,25.7,71.3
New York Knicks,Quentin Grimes,Shooting Guard,6-5,205,22,6.0,2.0,1.0,40.4,38.1,68.4
New York Knicks,Feron Hunt,Small Forward,6-8,195,22,0.0,0.5,0.5,0.0,-,-
New York Knicks,Miles McBride,Point Guard,6-2,200,21,2.2,1.1,1.0,29.6,25.0,66.7
New York Knicks,Nerlens Noel,Center,6-11,220,28,7.3,6.2,1.1,54.9,15.4,65.5
New York Knicks,Immanuel Quickley,Point Guard,6-3,190,22,11.4,2.7,2.8,39.3,36.5,88.5
New York Knicks,Julius Randle,Power Forward,6-8,250,27,17.7,9.3,3.6,47.2,33.2,74.3
New York Knicks,Cam Reddish,Small Forward,6-8,218,22,10.5,3.2,1.3,38.7,32.5,84.1
New York Knicks,Mitchell Robinson,Center,7-0,240,24,8.4,7.5,0.6,72.2,-,54.0
New York Knicks,Derrick Rose,Point Guard,6-2,200,33,18.2,3.3,5.4,45.7,31.6,83.0
New York Knicks,Jericho Sims,Power Forward,6-10,245,23,2.2,4.1,0.5,72.2,-,41.4
New York Knicks,Obi Toppin,Power Forward,6-9,220,24,6.7,3.0,0.8,52.1,30.7,75.3
New York Knicks,Kemba Walker,Point Guard,6-0,184,32,19.5,3.8,5.3,41.8,36.0,84.0
Oklahoma City Thunder,Darius Bazley,Power Forward,6-8,208,21,10.0,5.8,1.3,40.6,30.5,69.5
Oklahoma City Thunder,Gabriel Deck,Power Forward,6-8,232,27,6.0,2.7,1.7,49.4,21.1,81.8
Oklahoma City Thunder,Luguentz Dort,Small Forward,6-3,215,23,13.3,3.5,1.5,39.5,33.3,79.7
Oklahoma City Thunder,Derrick Favors,Power Forward,6-9,265,30,10.6,7.1,1.1,53.4,19.8,66.3
Oklahoma City Thunder,Melvin Frazier,Shooting Guard,6-5,215,25,2.7,0.9,0.2,34.0,20.9,53.3
Oklahoma City Thunder,Josh Giddey,Shooting Guard,6-8,210,19,12.5,7.8,6.4,41.9,26.3,70.9
Oklahoma City Thunder,Shai Gilgeous-Alexander,Shooting Guard,6-6,180,23,18.2,4.5,4.3,47.3,34.8,80.7
Oklahoma City Thunder,Ty Jerome,Shooting Guard,6-5,195,24,7.1,1.9,2.4,39.8,34.4,78.4
Oklahoma City Thunder,Vit Krejci,Shooting Guard,6-8,195,21,6.2,3.4,1.9,40.7,32.7,86.4
Oklahoma City Thunder,Theo Maledon,Point Guard,6-4,175,20,8.8,2.9,2.9,37.1,32.2,76.6
Oklahoma City Thunder,Tre Mann,Point Guard,6-3,178,21,10.4,2.9,1.5,39.3,36.0,79.3
Oklahoma City Thunder,Mike Muscala,Center,6-10,240,30,6.2,3.2,0.9,45.8,37.7,84.7
Oklahoma City Thunder,Aleksej Pokusevski,Power Forward,7-0,190,20,7.8,5.0,2.2,37.6,28.5,71.7
Oklahoma City Thunder,Jeremiah Robinson-Earl,Center,6-9,230,21,7.5,5.6,1.0,41.4,35.2,74.1
Oklahoma City Thunder,Isaiah Roby,Power Forward,6-8,230,24,9.1,5.1,1.6,49.5,36.5,70.8
Oklahoma City Thunder,Lindy Waters,Shooting Guard,6-6,215,24,8.0,2.9,1.0,40.6,36.3,80.0
Oklahoma City Thunder,Aaron Wiggins,Shooting Guard,6-6,200,23,8.3,3.6,1.4,46.3,30.4,72.9
Oklahoma City Thunder,Kenrich Williams,Power Forward,6-6,210,27,6.5,4.5,2.0,45.3,34.6,54.0
Orlando Magic,Cole Anthony,Point Guard,6-2,185,22,14.9,5.1,5.0,39.3,33.7,84.6
Orlando Magic,Mo Bamba,Center,7-0,231,24,7.7,6.1,0.9,47.5,35.2,68.5
Orlando Magic,Bol Bol,Power Forward,7-2,220,22,2.7,1.2,0.3,47.8,37.8,66.7
Orlando Magic,Ignas Brazdeikis,Small Forward,6-6,221,23,5.0,1.9,0.9,41.6,31.5,68.6
Orlando Magic,Devin Cannady,Point Guard,6-2,183,26,6.5,0.8,0.8,36.1,39.6,78.6
Orlando Magic,Wendell Carter,Center,6-10,270,23,12.2,8.9,2.0,51.3,29.8,73.1
Orlando Magic,Markelle Fultz,Point Guard,6-3,209,24,10.9,3.2,4.8,45.0,26.2,70.8
Orlando Magic,R.J. Hampton,Shooting Guard,6-4,175,21,7.3,3.2,2.1,40.4,33.7,65.3
Orlando Magic,Gary Harris,Shooting Guard,6-4,210,27,11.8,2.5,2.1,44.8,36.3,81.2
Orlando Magic,Jonathan Isaac,Power Forward,6-11,230,24,9.3,5.4,1.1,43.5,33.0,79.7
Orlando Magic,Robin Lopez,Center,7-0,281,34,8.7,4.9,0.8,53.6,29.4,74.2
Orlando Magic,Chuma Okeke,Power Forward,6-6,229,23,8.3,4.6,1.9,39.0,32.6,81.0
Orlando Magic,Terrence Ross,Shooting Guard,6-6,206,31,11.2,2.8,1.3,41.7,36.1,83.9
Orlando Magic,Admiral Schofield,Small Forward,6-5,241,25,3.5,1.9,0.6,40.3,32.1,73.3
Orlando Magic,Jalen Suggs,Point Guard,6-4,205,21,11.8,3.6,4.4,36.1,21.4,77.3
Orlando Magic,Franz Wagner,Small Forward,6-9,225,20,15.2,4.5,2.9,46.8,35.4,86.3
Orlando Magic,Moritz Wagner,Center,6-11,245,25,7.5,3.5,1.1,48.7,32.1,81.3
Philadelphia 76ers,Charles Bassey,Power Forward,6-11,235,21,3.0,2.7,0.3,63.8,0.0,75.0
Philadelphia 76ers,Charlie Brown,Shooting Guard,6-6,199,25,2.2,1.3,0.4,28.7,21.4,92.0
Philadelphia 76ers,Joel Embiid,Center,7-0,280,28,26.0,11.4,3.3,49.0,33.8,81.0
Philadelphia 76ers,Danny Green,Shooting Guard,6-6,215,34,8.7,3.4,1.6,42.1,39.9,80.4
Philadelphia 76ers,James Harden,Shooting Guard,6-5,220,32,24.9,5.6,6.8,44.2,36.1,86.0
Philadelphia 76ers,Tobias Harris,Power Forward,6-8,226,29,16.4,6.2,2.3,47.6,36.7,82.8
Philadelphia 76ers,Isaiah Joe,Shooting Guard,6-4,165,22,3.7,1.0,0.6,35.5,34.9,85.5
Philadelphia 76ers,DeAndre Jordan,Center,6-11,265,33,9.1,10.3,1.0,67.3,8.3,47.5
Philadelphia 76ers,Furkan Korkmaz,Shooting Guard,6-7,202,24,7.9,2.2,1.3,40.5,35.5,76.9
Philadelphia 76ers,Tyrese Maxey,Point Guard,6-2,200,21,13.2,2.5,3.2,47.8,39.6,86.7
Philadelphia 76ers,Paul Millsap,Power Forward,6-7,257,37,13.4,7.1,2.2,48.9,34.1,73.6
Philadelphia 76ers,Shake Milton,Shooting Guard,6-5,205,25,9.7,2.3,2.6,44.7,36.1,81.9
Philadelphia 76ers,Georges Niang,Power Forward,6-7,230,28,6.1,2.0,0.8,43.7,40.4,87.3
Philadelphia 76ers,Myles Powell,Point Guard,6-2,195,24,1.2,0.5,0.3,29.4,16.7,100.0
Philadelphia 76ers,Paul Reed,Center,6-9,210,22,3.2,2.4,0.4,55.2,14.3,45.5
Philadelphia 76ers,Jaden Springer,Shooting Guard,6-4,204,19,1.0,1.0,0.0,100.0,-,-
Philadelphia 76ers,Matisse Thybulle,Shooting Guard,6-5,201,25,4.8,1.9,1.1,45.0,32.4,65.7
Phoenix Suns,Deandre Ayton,Center,6-11,250,23,16.3,10.5,1.6,59.9,25.0,75.4
Phoenix Suns,Bismack Biyombo,Center,6-8,255,29,5.2,6.1,0.6,53.0,0.0,56.4
Phoenix Suns,Devin Booker,Shooting Guard,6-5,206,25,23.5,3.9,4.7,45.7,35.7,87.0
Phoenix Suns,Mikal Bridges,Small Forward,6-6,209,25,11.3,3.9,2.1,50.9,37.4,83.1
Phoenix Suns,Torrey Craig,Small Forward,6-7,221,31,5.7,3.6,0.9,45.6,33.0,69.3
Phoenix Suns,Jae Crowder,Small Forward,6-6,235,31,9.6,4.3,1.6,41.7,34.6,77.7
Phoenix Suns,Aaron Holiday,Point Guard,6-0,185,25,7.3,1.8,2.4,41.2,37.3,84.0
Phoenix Suns,Cameron Johnson,Power Forward,6-8,210,26,10.4,3.6,1.4,44.0,39.0,84.3
Phoenix Suns,Gabriel Lundberg,Shooting Guard,6-4,203,27,3.3,1.8,2.8,26.3,37.5,-
Phoenix Suns,JaVale McGee,Center,7-0,270,34,8.0,5.3,0.4,57.6,18.2,60.5
Phoenix Suns,Chris Paul,Point Guard,6-0,175,37,18.1,4.5,9.5,47.3,36.9,87.1
Phoenix Suns,Cameron Payne,Point Guard,6-1,183,27,7.6,2.2,3.2,42.1,36.2,83.0
Phoenix Suns,Elfrid Payton,Point Guard,6-3,195,28,10.1,4.0,5.7,44.7,28.7,62.3
Phoenix Suns,Dario Saric,Power Forward,6-10,225,28,11.7,5.9,2.0,44.1,35.7,83.8
Phoenix Suns,Landry Shamet,Shooting Guard,6-4,190,25,9.0,1.8,1.6,41.0,39.0,83.5
Phoenix Suns,Ish Wainright,Power Forward,6-6,250,27,2.4,1.2,0.3,39.4,32.2,58.3
Portland Trail Blazers,Eric Bledsoe,Point Guard,6-1,214,32,13.7,3.9,4.7,45.2,33.6,78.4
Portland Trail Blazers,Keljin Blevins,Small Forward,6-4,200,26,2.2,1.1,0.5,29.8,28.8,54.5
Portland Trail Blazers,Greg Brown,Small Forward,6-9,205,20,4.7,2.8,0.7,42.6,31.1,67.7
Portland Trail Blazers,CJ Elleby,Small Forward,6-6,200,21,4.6,2.9,1.1,39.0,27.5,71.7
Portland Trail Blazers,Josh Hart,Small Forward,6-5,215,27,9.9,5.7,2.1,45.0,34.7,73.9
Portland Trail Blazers,Elijah Hughes,Small Forward,6-5,215,24,2.9,1.2,0.5,32.8,28.0,76.9
Portland Trail Blazers,Joe Ingles,Small Forward,6-8,220,34,8.6,3.2,3.8,44.9,40.8,76.8
Portland Trail Blazers,Keon Johnson,Shooting Guard,6-5,186,20,7.2,2.2,2.1,35.3,34.0,80.4
Portland Trail Blazers,Damian Lillard,Point Guard,6-2,195,31,24.6,4.2,6.6,43.7,37.3,89.3
Portland Trail Blazers,Nassir Little,Power Forward,6-5,220,22,5.8,3.4,0.7,45.5,31.7,72.7
Portland Trail Blazers,Didi Louzada,Small Forward,6-5,188,23,3.6,1.7,0.7,32.6,35.5,100.0
Portland Trail Blazers,Ben McLemore,Shooting Guard,6-3,195,29,9.0,2.3,1.0,41.4,36.3,78.0
Portland Trail Blazers,Jusuf Nurkic,Center,6-11,290,27,12.2,8.5,2.2,50.0,23.2,67.2
Portland Trail Blazers,Anfernee Simons,Shooting Guard,6-3,181,23,10.2,2.2,2.0,42.5,39.2,83.3
Portland Trail Blazers,Trendon Watford,Small Forward,6-9,240,21,7.6,4.1,1.7,53.2,23.7,75.5
Portland Trail Blazers,Brandon Williams,Point Guard,6-2,190,22,12.9,3.1,3.9,37.2,29.2,70.1
Portland Trail Blazers,Justise Winslow,Small Forward,6-6,222,26,8.4,5.1,2.5,41.3,31.5,63.4
Sacramento Kings,Harrison Barnes,Power Forward,6-8,225,30,14.1,5.1,1.8,45.3,37.9,80.4
Sacramento Kings,Terence Davis,Shooting Guard,6-4,201,25,8.5,3.0,1.5,43.7,36.6,83.5
Sacramento Kings,Donte DiVincenzo,Shooting Guard,6-4,203,25,9.0,4.6,2.5,41.5,34.7,76.6
Sacramento Kings,De'Aaron Fox,Point Guard,6-3,185,24,19.1,3.5,6.2,46.2,32.0,72.5
Sacramento Kings,Maurice Harkless,Small Forward,6-7,220,29,6.9,3.5,0.9,47.4,32.0,62.4
Sacramento Kings,Justin Holiday,Shooting Guard,6-6,180,33,8.7,3.0,1.5,39.8,36.5,82.0
Sacramento Kings,Richaun Holmes,Center,6-10,235,28,9.6,5.8,1.1,60.5,25.6,74.6
Sacramento Kings,Josh Jackson,Small Forward,6-8,207,25,11.3,4.0,1.8,41.6,29.2,68.0
Sacramento Kings,Damian Jones,Center,6-11,245,26,5.6,3.4,0.8,66.5,30.2,70.2
Sacramento Kings,Jeremy Lamb,Shooting Guard,6-5,180,30,10.1,3.6,1.6,43.9,34.2,85.7
Sacramento Kings,Alex Len,Center,7-0,250,28,7.7,5.9,0.9,50.7,32.9,68.3
Sacramento Kings,Trey Lyles,Power Forward,6-9,234,26,7.8,4.3,1.1,44.1,33.8,73.7
Sacramento Kings,Chimezie Metu,Center,6-9,225,25,6.1,3.6,0.8,46.3,30.8,76.2
Sacramento Kings,Davion Mitchell,Point Guard,6-2,205,23,11.5,2.2,4.2,41.8,31.6,65.9
Sacramento Kings,Neemias Queta,Center,7-0,245,22,3.2,2.2,0.4,44.7,-,64.7
Sacramento Kings,Domantas Sabonis,Power Forward,6-11,240,26,14.4,9.2,3.6,53.4,31.9,72.8
San Antonio Spurs,Keita Bates-Diop,Small Forward,6-8,229,26,5.2,3.0,0.6,46.2,30.4,71.4
San Antonio Spurs,Devontae Cacok,Power Forward,6-7,240,25,2.5,2.2,0.2,62.1,-,50.0
San Antonio Spurs,Zach Collins,Power Forward,6-11,250,24,6.0,4.2,1.1,45.2,32.7,74.3
San Antonio Spurs,Keldon Johnson,Small Forward,6-5,220,22,14.4,5.8,1.8,47.8,38.5,75.3
San Antonio Spurs,Tre Jones,Point Guard,6-1,185,22,4.8,1.7,2.6,48.7,23.2,80.0
San Antonio Spurs,Jock Landale,Center,6-11,256,26,4.9,2.6,0.8,49.5,32.6,82.9
San Antonio Spurs,Romeo Langford,Shooting Guard,6-4,216,22,3.6,1.9,0.5,40.0,30.0,63.3
San Antonio Spurs,Doug McDermott,Small Forward,6-7,225,30,9.2,2.3,0.9,47.6,40.9,82.0
San Antonio Spurs,Dejounte Murray,Point Guard,6-4,180,25,12.5,6.0,4.8,45.5,33.0,77.1
San Antonio Spurs,Jakob Poeltl,Center,7-1,245,26,7.3,6.1,1.4,62.8,66.7,51.8
San Antonio Spurs,Joshua Primo,Shooting Guard,6-6,190,19,5.8,2.3,1.6,37.4,30.7,74.6
San Antonio Spurs,Josh Richardson,Shooting Guard,6-5,200,28,12.0,3.1,2.7,42.8,36.5,83.9
Toronto Raptors,Precious Achiuwa,Center,6-8,225,22,7.2,5.1,0.8,46.8,35.7,55.6
Toronto Raptors,OG Anunoby,Small Forward,6-7,232,24,10.4,4.1,1.4,47.0,37.2,70.9
Toronto Raptors,Dalano Banton,Point Guard,6-9,204,22,3.2,1.9,1.5,41.1,25.5,59.1
Toronto Raptors,Scottie Barnes,Power Forward,6-9,227,20,15.3,7.5,3.5,49.2,30.1,73.5
Toronto Raptors,Khem Birch,Center,6-9,233,29,5.2,4.6,1.0,51.8,19.1,69.7
Toronto Raptors,Isaac Bonga,Small Forward,6-8,180,22,3.1,2.2,0.8,43.2,30.0,75.9
Toronto Raptors,Chris Boucher,Power Forward,6-9,200,29,9.0,5.3,0.5,48.3,33.5,78.5
Toronto Raptors,Armoni Brooks,Shooting Guard,6-3,195,24,6.9,2.3,1.2,36.6,33.0,75.8
Toronto Raptors,Justin Champagnie,Small Forward,6-6,200,20,2.3,2.0,0.3,46.3,35.7,100.0
Toronto Raptors,Malachi Flynn,Point Guard,6-1,175,24,6.0,2.0,2.3,38.0,32.6,75.0
Toronto Raptors,David Johnson,Shooting Guard,6-5,210,21,0.0,0.0,0.0,0.0,0.0,-
Toronto Raptors,Svi Mykhailiuk,Small Forward,6-7,205,25,6.6,1.8,1.4,39.8,35.3,78.5
Toronto Raptors,Pascal Siakam,Power Forward,6-9,230,28,15.7,6.3,3.1,48.9,32.8,77.4
Toronto Raptors,Gary Trent,Shooting Guard,6-5,209,23,13.5,2.2,1.4,41.6,38.9,82.0
Toronto Raptors,Fred VanVleet,Point Guard,6-1,197,28,13.7,3.2,4.9,40.4,38.2,86.0
Toronto Raptors,Yuta Watanabe,Small Forward,6-9,215,27,3.8,2.5,0.6,40.9,35.2,66.7
Toronto Raptors,Thaddeus Young,Power Forward,6-8,235,33,12.8,5.8,1.8,50.2,33.2,66.3
Utah Jazz,Nickeil Alexander-Walker,Shooting Guard,6-6,205,23,9.3,2.6,2.2,38.7,32.9,72.6
Utah Jazz,Udoka Azubuike,Center,6-10,280,22,3.0,2.6,0.0,70.7,-,66.7
Utah Jazz,Bojan Bogdanovic,Small Forward,6-7,226,33,15.0,3.6,1.6,45.7,39.2,86.1
Utah Jazz,Jared Butler,Shooting Guard,6-3,195,21,3.8,1.1,1.5,40.4,31.8,68.8
Utah Jazz,Jordan Clarkson,Shooting Guard,6-4,194,30,15.4,3.3,2.5,43.9,33.8,82.7
Utah Jazz,Mike Conley,Point Guard,6-1,175,34,14.8,3.0,5.6,43.9,38.2,82.0
Utah Jazz,Trent Forrest,Point Guard,6-4,210,23,3.1,1.6,1.7,47.8,18.9,85.1
Utah Jazz,Rudy Gay,Small Forward,6-8,250,35,16.3,5.8,2.1,45.3,34.9,79.9
Utah Jazz,Rudy Gobert,Center,7-1,258,29,12.4,11.7,1.3,65.3,0.0,63.8
Utah Jazz,Juancho Hernangomez,Power Forward,6-9,214,26,5.4,3.4,0.6,42.8,35.1,68.1
Utah Jazz,Danuel House,Small Forward,6-6,220,29,8.5,3.6,1.3,42.7,36.6,76.4
Utah Jazz,Donovan Mitchell,Shooting Guard,6-1,215,25,23.9,4.2,4.5,44.1,36.1,83.3
Utah Jazz,Royce O'Neale,Small Forward,6-4,226,29,6.2,4.8,2.1,44.8,38.1,79.6
Utah Jazz,Eric Paschall,Power Forward,6-6,255,25,9.8,3.2,1.4,49.4,32.6,75.8
Utah Jazz,Xavier Sneed,Small Forward,6-5,215,24,0.6,0.7,0.1,20.0,12.5,-
Utah Jazz,Hassan Whiteside,Center,7-0,265,32,12.6,10.8,0.6,58.6,30.8,60.5
Washington Wizards,Deni Avdija,Small Forward,6-9,210,21,7.6,5.1,1.7,42.6,31.6,72.9
Washington Wizards,Bradley Beal,Shooting Guard,6-4,207,28,22.1,4.1,4.2,45.6,37.2,82.1
Washington Wizards,Thomas Bryant,Center,6-10,248,24,10.2,5.7,1.3,59.0,35.0,76.4
Washington Wizards,Kentavious Caldwell-Pope,Shooting Guard,6-5,204,29,11.6,3.1,1.7,42.1,36.0,81.3
Washington Wizards,Vernon Carey,Center,6-9,270,21,2.5,1.5,0.1,51.0,14.3,62.5
Washington Wizards,Daniel Gafford,Center,6-10,234,23,7.6,4.4,0.7,69.2,0.0,65.7
Washington Wizards,Anthony Gill,Power Forward,6-7,230,29,3.7,1.9,0.5,54.4,42.0,80.9
Washington Wizards,Rui Hachimura,Power Forward,6-8,230,24,13.0,5.2,1.5,47.7,36.0,77.9
Washington Wizards,Corey Kispert,Small Forward,6-7,220,23,8.2,2.7,1.1,45.5,35.0,87.1
Washington Wizards,Kyle Kuzma,Power Forward,6-9,221,26,15.6,6.2,2.2,44.9,33.9,72.3
Washington Wizards,Raul Neto,Point Guard,6-1,180,30,6.0,1.6,2.2,45.5,36.6,80.4
Washington Wizards,Kristaps Porzingis,Power Forward,7-3,240,26,18.9,7.9,1.6,44.4,35.3,82.0
Washington Wizards,Tomas Satoransky,Shooting Guard,6-7,210,30,6.9,2.9,4.1,46.8,35.4,82.0
Washington Wizards,Jordan Schakel,Shooting Guard,6-6,200,23,1.3,2.0,0.0,9.1,16.7,100.0
Washington Wizards,Ish Smith,Point Guard,6-0,175,33,7.6,2.5,3.9,43.0,32.5,67.7
Washington Wizards,Isaiah Todd,Power Forward,6-10,220,20,1.7,1.0,0.3,26.9,25.0,33.3
Washington Wizards,Cassius Winston,Point Guard,6-1,185,24,1.9,0.3,0.7,40.9,43.5,90.0
